timestamp_utc,implementation,page_size,run,sql_queries,latency_ms,records_returned
2026-09-24T20:04:57.086063+00:00,naive,10,1,11,8.341,10
2026-09-24T20:04:57.093142+00:00,naive,10,2,11,6.777,10
2026-09-24T20:04:57.100522+00:00,naive,10,3,11,7.27,10
2026-09-24T20:04:57.106055+00:00,naive,10,4,11,5.49,10
2026-09-24T20:04:57.112391+00:00,naive,10,5,11,6.238,10
2026-09-24T20:04:57.118235+00:00,naive,10,6,11,5.744,10
2026-09-24T20:04:57.124300+00:00,naive,10,7,11,5.987,10
2026-09-24T20:04:57.131154+00:00,naive,10,8,11,6.773,10
2026-09-24T20:04:57.136711+00:00,naive,10,9,11,5.51,10
2026-09-24T20:04:57.141955+00:00,naive,10,10,11,5.207,10
2026-09-24T20:04:57.148215+00:00,naive,10,11,11,6.217,10
2026-09-24T20:04:57.153615+00:00,naive,10,12,11,5.351,10
2026-09-24T20:04:57.158765+00:00,naive,10,13,11,5.112,10
2026-09-24T20:04:57.165154+00:00,naive,10,14,11,6.349,10
2026-09-24T20:04:57.170663+00:00,naive,10,15,11,5.462,10
2026-09-24T20:04:57.176162+00:00,naive,10,16,11,5.42,10
2026-09-24T20:04:57.182514+00:00,naive,10,17,11,6.282,10
2026-09-24T20:04:57.187828+00:00,naive,10,18,11,5.264,10
2026-09-24T20:04:57.193633+00:00,naive,10,19,11,5.765,10
2026-09-24T20:04:57.199753+00:00,naive,10,20,11,6.059,10
2026-09-24T20:04:57.205447+00:00,naive,10,21,11,5.643,10
2026-09-24T20:04:57.214218+00:00,naive,10,22,11,8.717,10
2026-09-24T20:04:57.221152+00:00,naive,10,23,11,6.876,10
2026-09-24T20:04:57.226724+00:00,naive,10,24,11,5.533,10
2026-09-24T20:04:57.233172+00:00,naive,10,25,11,6.41,10
2026-09-24T20:04:57.240677+00:00,naive,10,26,11,7.439,10
2026-09-24T20:04:57.247562+00:00,naive,10,27,11,6.811,10
2026-09-24T20:04:57.253133+00:00,naive,10,28,11,5.5,10
2026-09-24T20:04:57.258869+00:00,naive,10,29,11,5.697,10
2026-09-24T20:04:57.265398+00:00,naive,10,30,11,6.47,10
2026-09-24T20:04:57.268626+00:00,fixed,10,1,1,3.183,10
2026-09-24T20:04:57.271768+00:00,fixed,10,2,1,3.102,10
2026-09-24T20:04:57.274747+00:00,fixed,10,3,1,2.928,10
2026-09-24T20:04:57.278133+00:00,fixed,10,4,1,3.338,10
2026-09-24T20:04:57.281991+00:00,fixed,10,5,1,3.814,10
2026-09-24T20:04:57.285114+00:00,fixed,10,6,1,3.084,10
2026-09-24T20:04:57.288047+00:00,fixed,10,7,1,2.868,10
2026-09-24T20:04:57.291184+00:00,fixed,10,8,1,3.084,10
2026-09-24T20:04:57.303145+00:00,fixed,10,9,1,11.888,10
2026-09-24T20:04:57.334850+00:00,fixed,10,10,1,31.651,10
2026-09-24T20:04:57.338277+00:00,fixed,10,11,1,3.383,10
2026-09-24T20:04:57.341407+00:00,fixed,10,12,1,3.086,10
2026-09-24T20:04:57.344675+00:00,fixed,10,13,1,3.223,10
2026-09-24T20:04:57.347983+00:00,fixed,10,14,1,3.267,10
2026-09-24T20:04:57.350777+00:00,fixed,10,15,1,2.742,10
2026-09-24T20:04:57.353724+00:00,fixed,10,16,1,2.908,10
2026-09-24T20:04:57.357518+00:00,fixed,10,17,1,3.72,10
2026-09-24T20:04:57.360701+00:00,fixed,10,18,1,3.106,10
2026-09-24T20:04:57.364530+00:00,fixed,10,19,1,3.771,10
2026-09-24T20:04:57.367798+00:00,fixed,10,20,1,3.214,10
2026-09-24T20:04:57.370782+00:00,fixed,10,21,1,2.951,10
2026-09-24T20:04:57.375023+00:00,fixed,10,22,1,4.165,10
2026-09-24T20:04:57.379535+00:00,fixed,10,23,1,4.411,10
2026-09-24T20:04:57.382756+00:00,fixed,10,24,1,3.168,10
2026-09-24T20:04:57.386391+00:00,fixed,10,25,1,3.507,10
2026-09-24T20:04:57.390235+00:00,fixed,10,26,1,3.786,10
2026-09-24T20:04:57.394394+00:00,fixed,10,27,1,4.097,10
2026-09-24T20:04:57.398561+00:00,fixed,10,28,1,4.121,10
2026-09-24T20:04:57.401990+00:00,fixed,10,29,1,3.338,10
2026-09-24T20:04:57.406242+00:00,fixed,10,30,1,4.206,10
2026-09-24T20:04:57.426070+00:00,naive,50,1,51,19.714,50
2026-09-24T20:04:57.446625+00:00,naive,50,2,51,20.409,50
2026-09-24T20:04:57.464775+00:00,naive,50,3,51,18.045,50
2026-09-24T20:04:57.483606+00:00,naive,50,4,51,18.73,50
2026-09-24T20:04:57.501250+00:00,naive,50,5,51,17.516,50
2026-09-24T20:04:57.518373+00:00,naive,50,6,51,16.944,50
2026-09-24T20:04:57.536868+00:00,naive,50,7,51,18.378,50
2026-09-24T20:04:57.557025+00:00,naive,50,8,51,20.04,50
2026-09-24T20:04:57.575250+00:00,naive,50,9,51,18.11,50
2026-09-24T20:04:57.593280+00:00,naive,50,10,51,17.886,50
2026-09-24T20:04:57.613572+00:00,naive,50,11,51,20.184,50
2026-09-24T20:04:57.631986+00:00,naive,50,12,51,18.279,50
2026-09-24T20:04:57.649953+00:00,naive,50,13,51,17.87,50
2026-09-24T20:04:57.668002+00:00,naive,50,14,51,17.932,50
2026-09-24T20:04:57.685214+00:00,naive,50,15,51,17.089,50
2026-09-24T20:04:57.703914+00:00,naive,50,16,51,18.477,50
2026-09-24T20:04:57.721826+00:00,naive,50,17,51,17.798,50
2026-09-24T20:04:57.739756+00:00,naive,50,18,51,17.829,50
2026-09-24T20:04:57.757741+00:00,naive,50,19,51,17.878,50
2026-09-24T20:04:57.775070+00:00,naive,50,20,51,17.203,50
2026-09-24T20:04:57.793142+00:00,naive,50,21,51,17.924,50
2026-09-24T20:04:57.811503+00:00,naive,50,22,51,18.123,50
2026-09-24T20:04:57.829213+00:00,naive,50,23,51,17.542,50
2026-09-24T20:04:57.847477+00:00,naive,50,24,51,18.159,50
2026-09-24T20:04:57.866355+00:00,naive,50,25,51,18.687,50
2026-09-24T20:04:57.883887+00:00,naive,50,26,51,17.424,50
2026-09-24T20:04:57.902424+00:00,naive,50,27,51,18.354,50
2026-09-24T20:04:57.920535+00:00,naive,50,28,51,18.004,50
2026-09-24T20:04:57.938778+00:00,naive,50,29,51,18.024,50
2026-09-24T20:04:57.961983+00:00,naive,50,30,51,23.067,50
2026-09-24T20:04:57.967779+00:00,fixed,50,1,1,5.673,50
2026-09-24T20:04:57.973147+00:00,fixed,50,2,1,5.265,50
2026-09-24T20:04:57.978447+00:00,fixed,50,3,1,5.125,50
2026-09-24T20:04:57.984276+00:00,fixed,50,4,1,5.712,50
2026-09-24T20:04:57.989357+00:00,fixed,50,5,1,4.976,50
2026-09-24T20:04:57.994234+00:00,fixed,50,6,1,4.781,50
2026-09-24T20:04:57.999853+00:00,fixed,50,7,1,5.501,50
2026-09-24T20:04:58.023668+00:00,fixed,50,8,1,23.676,50
2026-09-24T20:04:58.031754+00:00,fixed,50,9,1,7.965,50
2026-09-24T20:04:58.037742+00:00,fixed,50,10,1,5.854,50
2026-09-24T20:04:58.043429+00:00,fixed,50,11,1,5.555,50
2026-09-24T20:04:58.049617+00:00,fixed,50,12,1,6.026,50
2026-09-24T20:04:58.055325+00:00,fixed,50,13,1,5.589,50
2026-09-24T20:04:58.061378+00:00,fixed,50,14,1,5.827,50
2026-09-24T20:04:58.067196+00:00,fixed,50,15,1,5.665,50
2026-09-24T20:04:58.072915+00:00,fixed,50,16,1,5.59,50
2026-09-24T20:04:58.078818+00:00,fixed,50,17,1,5.755,50
2026-09-24T20:04:58.084585+00:00,fixed,50,18,1,5.647,50
2026-09-24T20:04:58.090342+00:00,fixed,50,19,1,5.645,50
2026-09-24T20:04:58.096319+00:00,fixed,50,20,1,5.817,50
2026-09-24T20:04:58.101799+00:00,fixed,50,21,1,5.361,50
2026-09-24T20:04:58.107464+00:00,fixed,50,22,1,5.516,50
2026-09-24T20:04:58.113588+00:00,fixed,50,23,1,6.006,50
2026-09-24T20:04:58.119538+00:00,fixed,50,24,1,5.826,50
2026-09-24T20:04:58.125273+00:00,fixed,50,25,1,5.615,50
2026-09-24T20:04:58.131231+00:00,fixed,50,26,1,5.848,50
2026-09-24T20:04:58.136926+00:00,fixed,50,27,1,5.536,50
2026-09-24T20:04:58.143023+00:00,fixed,50,28,1,5.959,50
2026-09-24T20:04:58.149514+00:00,fixed,50,29,1,6.358,50
2026-09-24T20:04:58.154964+00:00,fixed,50,30,1,5.322,50
2026-09-24T20:04:58.217860+00:00,naive,200,1,201,62.418,200
2026-09-24T20:04:58.278323+00:00,naive,200,2,201,60.032,200
2026-09-24T20:04:58.340498+00:00,naive,200,3,201,61.854,200
2026-09-24T20:04:58.405147+00:00,naive,200,4,201,64.319,200
2026-09-24T20:04:58.466475+00:00,naive,200,5,201,61.007,200
2026-09-24T20:04:58.525063+00:00,naive,200,6,201,58.267,200
2026-09-24T20:04:58.581549+00:00,naive,200,7,201,56.17,200
2026-09-24T20:04:58.642130+00:00,naive,200,8,201,60.263,200
2026-09-24T20:04:58.699090+00:00,naive,200,9,201,56.631,200
2026-09-24T20:04:58.755583+00:00,naive,200,10,201,56.107,200
2026-09-24T20:04:58.811948+00:00,naive,200,11,201,56.001,200
2026-09-24T20:04:58.868155+00:00,naive,200,12,201,55.911,200
2026-09-24T20:04:58.924748+00:00,naive,200,13,201,56.267,200
2026-09-24T20:04:58.981189+00:00,naive,200,14,201,56.144,200
2026-09-24T20:04:59.047679+00:00,naive,200,15,201,66.109,200
2026-09-24T20:04:59.119248+00:00,naive,200,16,201,71.227,200
2026-09-24T20:04:59.193329+00:00,naive,200,17,201,73.755,200
2026-09-24T20:04:59.250324+00:00,naive,200,18,201,56.678,200
2026-09-24T20:04:59.307065+00:00,naive,200,19,201,56.354,200
2026-09-24T20:04:59.363896+00:00,naive,200,20,201,56.521,200
2026-09-24T20:04:59.420730+00:00,naive,200,21,201,56.532,200
2026-09-24T20:04:59.478738+00:00,naive,200,22,201,57.679,200
2026-09-24T20:04:59.540115+00:00,naive,200,23,201,61.053,200
2026-09-24T20:04:59.604004+00:00,naive,200,24,201,63.503,200
2026-09-24T20:04:59.678606+00:00,naive,200,25,201,74.252,200
2026-09-24T20:04:59.740131+00:00,naive,200,26,201,61.192,200
2026-09-24T20:04:59.802418+00:00,naive,200,27,201,61.948,200
2026-09-24T20:04:59.863263+00:00,naive,200,28,201,60.427,200
2026-09-24T20:04:59.918522+00:00,naive,200,29,201,54.946,200
2026-09-24T20:04:59.975257+00:00,naive,200,30,201,56.431,200
2026-09-24T20:04:59.987077+00:00,fixed,200,1,1,11.468,200
2026-09-24T20:04:59.998551+00:00,fixed,200,2,1,11.139,200
2026-09-24T20:05:00.009642+00:00,fixed,200,3,1,10.76,200
2026-09-24T20:05:00.021055+00:00,fixed,200,4,1,11.103,200
2026-09-24T20:05:00.032686+00:00,fixed,200,5,1,11.254,200
2026-09-24T20:05:00.044095+00:00,fixed,200,6,1,10.969,200
2026-09-24T20:05:00.055449+00:00,fixed,200,7,1,10.957,200
2026-09-24T20:05:00.066968+00:00,fixed,200,8,1,11.18,200
2026-09-24T20:05:00.078296+00:00,fixed,200,9,1,11.004,200
2026-09-24T20:05:00.089460+00:00,fixed,200,10,1,10.839,200
2026-09-24T20:05:00.100663+00:00,fixed,200,11,1,10.867,200
2026-09-24T20:05:00.111942+00:00,fixed,200,12,1,10.89,200
2026-09-24T20:05:00.123305+00:00,fixed,200,13,1,11.013,200
2026-09-24T20:05:00.146237+00:00,fixed,200,14,1,22.615,200
2026-09-24T20:05:00.158096+00:00,fixed,200,15,1,11.533,200
2026-09-24T20:05:00.169394+00:00,fixed,200,16,1,10.885,200
2026-09-24T20:05:00.181006+00:00,fixed,200,17,1,11.292,200
2026-09-24T20:05:00.192106+00:00,fixed,200,18,1,10.783,200
2026-09-24T20:05:00.203755+00:00,fixed,200,19,1,11.329,200
2026-09-24T20:05:00.215182+00:00,fixed,200,20,1,11.142,200
2026-09-24T20:05:00.227968+00:00,fixed,200,21,1,12.442,200
2026-09-24T20:05:00.240823+00:00,fixed,200,22,1,12.576,200
2026-09-24T20:05:00.254266+00:00,fixed,200,23,1,13.155,200
2026-09-24T20:05:00.267355+00:00,fixed,200,24,1,12.792,200
2026-09-24T20:05:00.280960+00:00,fixed,200,25,1,13.261,200
2026-09-24T20:05:00.294817+00:00,fixed,200,26,1,13.531,200
2026-09-24T20:05:00.309576+00:00,fixed,200,27,1,14.486,200
2026-09-24T20:05:00.323092+00:00,fixed,200,28,1,13.243,200
2026-09-24T20:05:00.337789+00:00,fixed,200,29,1,14.421,200
2026-09-24T20:05:00.351747+00:00,fixed,200,30,1,13.68,200
