question_id,technique,retrieval_latency_ms,chunk_count,avg_chunk_length,rank,store_score,cosine_sim,chunk_len,source_file,contains_expected_source,preview
q1,token,12.266,540,1108.32,1,0.7694461239120097,0.7694461345672607,1221,fda_reportable_food_registry_guidance.txt,True,"else may submit instances of reportable food to FDA? Federal, state and local public health officials may submit instances of reportable food to FDA through the"
q1,token,12.266,540,1108.32,2,0.7298401884829867,0.7298402786254883,1284,fda_reportable_food_registry_guidance.txt,True,number will allow FDA to link reportable food reports that are related to the initial report and the reportable food. J. Additional Contacts Should responsible
q1,token,12.266,540,1108.32,3,0.7115832382392779,0.7115833163261414,1177,fda_reportable_food_registry_guidance.txt,True,"2008, FDA announced a delay in implementation of the Reportable Food Registry and acknowledged that the prohibited act provisions would not apply until FDA esta"
q1,token,12.266,540,1108.32,4,0.6937407446417425,0.6937408447265625,1209,fda_reportable_food_registry_guidance.txt,True,required to submit a report through the Reportable Food electronic portal to FDA as soon as practicable but in no case later than 24 hours of determining that a
q1,token,12.266,540,1108.32,5,0.6841754730031531,0.6841755509376526,1145,fda_reportable_food_registry_guidance.txt,True,"soon as practicable, and within 24 hours after receiving the notification regarding the reportable food. FDA may require Party B to submit a report to FDA as so"
q2,token,10.556,540,1108.32,1,0.8413970998006847,0.8413972854614258,1162,fda_retail_consignee_lists_guidance.txt,True,"may be able to seek medical treatment to prevent illness after exposure to a contaminated food. While this guidance is specific to retail consignees, our author"
q2,token,10.556,540,1108.32,2,0.8156397787011587,0.8156399130821228,1043,fda_retail_consignee_lists_guidance.txt,True,"as that noted in Part II of this guidance, to help identify recalled food. E. Publicizing Retail Consignee Lists for Certain Food Recalls 1. When does FDA inten"
q2,token,10.556,540,1108.32,3,0.8143051153465071,0.8143051862716675,1192,fda_retail_consignee_lists_guidance.txt,True,"FDA Food Safety Modernization Act (FSMA), which directs the Agency, in conducting recalls under the section (which provides FDA authority to mandate the recall"
q2,token,10.556,540,1108.32,4,0.8009129576453115,0.8009130358695984,1170,fda_retail_consignee_lists_guidance.txt,True,"information otherwise exempt from public disclosure, such as CCI, is nevertheless available for public disclosure to the extent necessary to effectuate a recall"
q2,token,10.556,540,1108.32,5,0.7881076072279781,0.7881076335906982,422,fda_retail_consignee_lists_guidance.txt,True,"because the recalling firm provided the recalled food directly to the retail consignees. In these cases, FDA may give the recalling firm the first opportunity t"
q3,token,10.697,540,1108.32,1,0.8011025039440459,0.8011025786399841,1280,fda_public_warning_guidance.txt,True,"the product is limited to a small number of consignees that are easily identified and can be rapidly reached through targeted contact. Furthermore, different pr"
q3,token,10.697,540,1108.32,2,0.7919643038842726,0.7919643521308899,1170,fda_retail_consignee_lists_guidance.txt,False,"information otherwise exempt from public disclosure, such as CCI, is nevertheless available for public disclosure to the extent necessary to effectuate a recall"
q3,token,10.697,540,1108.32,3,0.7646516070034324,0.7646516561508179,975,fda_public_warning_guidance.txt,True,"own public warning. Additionally, the FDA may publicly issue information that may address outstanding questions about the nature of the incident and/or the Agen"
q3,token,10.697,540,1108.32,4,0.7639209876173317,0.7639209628105164,1192,fda_retail_consignee_lists_guidance.txt,False,"FDA Food Safety Modernization Act (FSMA), which directs the Agency, in conducting recalls under the section (which provides FDA authority to mandate the recall"
q3,token,10.697,540,1108.32,5,0.7572481233275091,0.7572482228279114,1162,fda_retail_consignee_lists_guidance.txt,False,"may be able to seek medical treatment to prevent illness after exposure to a contaminated food. While this guidance is specific to retail consignees, our author"
q4,token,10.571,540,1108.32,1,0.7061605943180106,0.7061606645584106,1171,fda_regulatory_procedures_manual_chapter_7.txt,False,brought to center management’s attention. 7-6-3 Recall Strategy Each recall is unique and requires its own recall strategy. The DRC initially works with the fir
q4,token,10.571,540,1108.32,2,0.6485530681281385,0.6485531330108643,1028,fda_regulatory_procedures_manual_chapter_7.txt,False,MAN-000010 Page 51 of 153 VERSION 10 be included in comments. (This information is not published on the Internet) Number of Domestic Consignees – Provide number
q4,token,10.571,540,1108.32,3,0.621949632275537,0.6219497323036194,1077,fda_regulatory_procedures_manual_chapter_7.txt,False,"prepared and submitted by close-of- business each Friday. Data to be submitted may vary depending upon individual recall circumstances, but should usually conta"
q4,token,10.571,540,1108.32,4,0.5861858790124378,0.5861859321594238,1080,fda_iom_2026_chapter_7.txt,True,– What is a Removal? A removal involves the physical removal of a product from commercial channels to the extent necessary to protect public health. For medical
q4,token,10.571,540,1108.32,5,0.5858793221016142,0.585879385471344,981,fda_iom_2026_chapter_7.txt,True,"the audit check verifies the account received the recalled product, they are confirmed as being a consignee. 7.4.1.2.2 – Why is the recall’s strategy important?"
q5,token,11.818,540,1108.32,1,0.7079278397578421,0.707927942276001,1077,fda_regulatory_procedures_manual_chapter_7.txt,True,"prepared and submitted by close-of- business each Friday. Data to be submitted may vary depending upon individual recall circumstances, but should usually conta"
q5,token,11.818,540,1108.32,2,0.7041418002894438,0.7041418552398682,1017,fda_regulatory_procedures_manual_chapter_7.txt,True,Attention: Recall Coordinator: List Divisions Receiving Assignment RES Event: [RES Event ID] PAC: [PAC code for recall audit check] Recalling Firm: [Recalling F
q5,token,11.818,540,1108.32,3,0.6986079766271865,0.6986079812049866,1212,fda_regulatory_procedures_manual_chapter_7.txt,True,"plan (CAP) and an approval letter is signed and issued to the recalling firm. CDRH will send copies of the CAP approval letter, the corrective action plan and t"
q5,token,11.818,540,1108.32,4,0.6892534486671521,0.6892534494400024,1199,fda_regulatory_procedures_manual_chapter_7.txt,True,"has been or should be initiated (e.g. the consignee further sold the product, and the recall depth has not been met), the performing division will collect docum"
q5,token,11.818,540,1108.32,5,0.6881115674647647,0.6881115436553955,1118,fda_regulatory_procedures_manual_chapter_7.txt,True,"with section 7.42(b)(3) of the FDA recall guidelines, the following may be used as a guide on how to use different methods for conducting recall effectiveness c"
q1,semantic,7.644,154,3246.1,1,0.6593355173872155,0.6593356132507324,1564,fda_reportable_food_registry_guidance.txt,True,IV. Paperwork Reduction Act of 1995 This guidance contains information collection provisions that are subject to review by the Office of Management and Budget (
q1,semantic,7.644,154,3246.1,2,0.647971529844,0.6479715704917908,12861,fda_reportable_food_registry_guidance.txt,True,"(Sections 417(d)(4), 417(d)(6)(A), and 417(d)(8) of the FD&C Act). What is the time frame for filing amended reports? After consultation with the responsible pa"
q1,semantic,7.644,154,3246.1,3,0.633155546134553,0.6331555843353271,6536,fda_reportable_food_registry_guidance.txt,True,"321(e)) as including individuals, partnerships, corporations and associations. In this situation, the warehouse operator is a distinct legal person. (Sections 4"
q1,semantic,7.644,154,3246.1,4,0.6314691009125576,0.6314691305160522,4822,fda_reportable_food_registry_guidance.txt,True,"(Sections 201(e) and 417(a)(1) of the FD&C Act). If the registration information submitted under section 415(a) of the FD&C Act is no longer correct, is a respo"
q1,semantic,7.644,154,3246.1,5,0.6080353244696626,0.6080353260040283,2403,fda_reportable_food_registry_guidance.txt,True,You can use an alternative approach if the approach satisfies the requirements of the applicable statutes and regulations. Reportable Food Registry for Industry
q2,semantic,7.007,154,3246.1,1,0.8093957415300743,0.8093958497047424,12897,fda_retail_consignee_lists_guidance.txt,True,"=== Page 5 === Contains Nonbinding Recommendations 2 II. BACKGROUND This guidance outlines the circumstances under which FDA intends to collect, compile, and ma"
q2,semantic,7.007,154,3246.1,2,0.7913720114129081,0.7913721203804016,2067,fda_retail_consignee_lists_guidance.txt,True,"To discuss an alternative approach, contact the FDA staff responsible for this guidance as listed on the title page. I. INTRODUCTION This guidance provides info"
q2,semantic,7.007,154,3246.1,3,0.7872719463312216,0.7872719764709473,788,fda_retail_consignee_lists_guidance.txt,True,3. How does FDA intend to publicize this information? FDA intends to post lists of retail consignees associated with a specific recall on FDA’s website and may
q2,semantic,7.007,154,3246.1,4,0.7583450791048605,0.7583451867103577,774,fda_retail_consignee_lists_guidance.txt,True,=== Page 1 === Contains Nonbinding Recommendations Public Availability of Lists of Retail Consignees to Effectuate Certain Human and Animal Food Recalls Guidanc
q2,semantic,7.007,154,3246.1,5,0.7307173556859844,0.7307174205780029,12045,fda_regulatory_procedures_manual_chapter_7.txt,False,4. Notification to United States Department of Agriculture (USDA) 4.1 Division office responsibility Division offices should review recalling firm’s distributio
q3,semantic,6.769,154,3246.1,1,0.7317575827235839,0.7317577004432678,12897,fda_retail_consignee_lists_guidance.txt,False,"=== Page 5 === Contains Nonbinding Recommendations 2 II. BACKGROUND This guidance outlines the circumstances under which FDA intends to collect, compile, and ma"
q3,semantic,6.769,154,3246.1,2,0.7216151016922416,0.7216151356697083,2067,fda_retail_consignee_lists_guidance.txt,False,"To discuss an alternative approach, contact the FDA staff responsible for this guidance as listed on the title page. I. INTRODUCTION This guidance provides info"
q3,semantic,6.769,154,3246.1,3,0.7050036220442283,0.7050037384033203,13263,fda_public_warning_guidance.txt,True,III. Discussion: The FDA’s policy is to evaluate the particular circumstances of each individual recall in determining whether a public warning is needed in acc
q3,semantic,6.769,154,3246.1,4,0.7010024578755543,0.7010025382041931,3053,fda_public_warning_guidance.txt,True,"9 This webpage also provides links to various FDA Center webpages, where public warnings of recalls of products specific to that Center are also posted. === Pag"
q3,semantic,6.769,154,3246.1,5,0.6938922670666603,0.6938923597335815,12045,fda_regulatory_procedures_manual_chapter_7.txt,False,4. Notification to United States Department of Agriculture (USDA) 4.1 Division office responsibility Division offices should review recalling firm’s distributio
q4,semantic,8.028,154,3246.1,1,0.630320675362271,0.63032066822052,126,fda_iom_2026_chapter_7.txt,True,..................................................................... 17 7.4.1.2.2 – Why is the recall’s strategy important?
q4,semantic,8.028,154,3246.1,2,0.5879241708748022,0.5879242420196533,820,fda_regulatory_procedures_manual_chapter_7.txt,False,"2. METHODS A. General All the methods for conducting effectiveness checks have several common aspects: a consignee list, a common identifier, a questionnaire, a"
q4,semantic,8.028,154,3246.1,3,0.5761965152609028,0.576196551322937,2560,fda_regulatory_procedures_manual_chapter_7.txt,False,"government, military and/or civilian units/agencies to which product(s) has been distributed. This would include the Defense Personnel Support Center (DPSC), De"
q4,semantic,8.028,154,3246.1,4,0.5654664253718896,0.5654664635658264,15764,fda_regulatory_procedures_manual_chapter_7.txt,False,See Section 7-7-3 C. Effectiveness Check Level. The purpose of a firm’s effectiveness checks is to verify that all consignees at the recall depth specified by t
q4,semantic,8.028,154,3246.1,5,0.5598500347254368,0.5598500370979309,896,fda_regulatory_procedures_manual_chapter_7.txt,False,"Thank you for your cooperation. Sincerely, NOTE: If this letter is sent to distributors who may have further sold the product to other distributors or to retail"
q5,semantic,7.947,154,3246.1,1,0.7447267019307302,0.7447267174720764,820,fda_regulatory_procedures_manual_chapter_7.txt,True,"2. METHODS A. General All the methods for conducting effectiveness checks have several common aspects: a consignee list, a common identifier, a questionnaire, a"
q5,semantic,7.947,154,3246.1,2,0.6731884267435283,0.6731884479522705,3135,fda_regulatory_procedures_manual_chapter_7.txt,True,5. Mechanics of Conducting Recall CDRH will assign a recall number and issue a classification memo to the division and the Press Office when the corrective acti
q5,semantic,7.947,154,3246.1,3,0.6714698521869152,0.6714698076248169,5666,fda_regulatory_procedures_manual_chapter_7.txt,True,9. Division Audit Strategy (RES Event Details page) Effectiveness Check Level field – Provide the firm’s planned or division recommended effectiveness level. ==
q5,semantic,7.947,154,3246.1,4,0.6570128706350697,0.6570128798484802,3024,fda_iom_2026_chapter_7.txt,False,"For commodity-specific information see IOM 7.3.6.) 7.3.4 – Root Cause Inspections If the FDA learns of a potentially violative product that may cause, or has ca"
q5,semantic,7.947,154,3246.1,5,0.6557898125093913,0.6557897925376892,694,fda_regulatory_procedures_manual_chapter_7.txt,True,h. Pertinent complaints on file. === Page 64 === Regulatory Procedures Manual July 2021 Chapter 7 Recall Procedures MAN-000010 Page 64 of 153 VERSION 10 Some ad
q1,sentence_window,28.729,2934,170.38,1,0.8450652740178787,0.8450653553009033,207,fda_reportable_food_registry_guidance.txt,True,"Yes, if Party B meets the definition of a responsible party, Party B should submit a report to FDA as soon as practicable, and within 24 hours after receiving t"
q1,sentence_window,28.729,2934,170.38,2,0.8273707227473512,0.8273707628250122,227,fda_reportable_food_registry_guidance.txt,True,"A responsible party is required to submit a report to FDA through the Reportable Food electronic portal as soon as practicable, but in no case later than 24 hou"
q1,sentence_window,28.729,2934,170.38,3,0.822932161528936,0.8229321837425232,128,fda_reportable_food_registry_guidance.txt,True,When is a responsible party not required to submit a reportable food report to FDA for food that would otherwise be reportable?
q1,sentence_window,28.729,2934,170.38,4,0.8078673775835058,0.8078674077987671,125,fda_reportable_food_registry_guidance.txt,True,E. Submitting a Reportable Food Report When is a responsible party required to report an instance of reportable food to FDA?
q1,sentence_window,28.729,2934,170.38,5,0.7904253040220607,0.7904253005981445,263,fda_reportable_food_registry_guidance.txt,True,Responsible parties are required to submit a report through the Reportable Food electronic portal to FDA as soon as practicable but in no case later than 24 hou
q2,sentence_window,27.807,2934,170.38,1,0.8611691250060997,0.8611692190170288,169,fda_retail_consignee_lists_guidance.txt,True,This guidance describes specific food recall situations and the criteria FDA will consider when deciding to make retail consignee information publicly available
q2,sentence_window,27.807,2934,170.38,2,0.8606933147626878,0.8606934547424316,226,fda_retail_consignee_lists_guidance.txt,True,"BACKGROUND This guidance outlines the circumstances under which FDA intends to collect, compile, and make public lists of retail consignees that may have receiv"
q2,sentence_window,27.807,2934,170.38,3,0.8492838285885465,0.8492839336395264,405,fda_retail_consignee_lists_guidance.txt,True,"Specifically, FDA intends to publicize retail consignee lists for such food recalls when both of the following criteria are met: (1) the food is not easily iden"
q2,sentence_window,27.807,2934,170.38,4,0.8286755817976126,0.8286756277084351,529,fda_retail_consignee_lists_guidance.txt,True,"This guidance also responds to Section 206 of the 2011 FDA Food Safety Modernization Act (FSMA), which directs the Agency, in conducting recalls under the secti"
q2,sentence_window,27.807,2934,170.38,5,0.8256879201801429,0.8256880044937134,384,fda_retail_consignee_lists_guidance.txt,True,FDA will also consider publicizing retail consignee lists in other recall situations that do not meet both of these criteria (including for recalls which may in
q3,sentence_window,33.127,2934,170.38,1,0.7948385786048324,0.7948386073112488,506,fda_public_warning_guidance.txt,True,"As such, a public warning should include: a) information to help identify the recalled product including images, numerical product information (e.g., lot number"
q3,sentence_window,33.127,2934,170.38,2,0.7639876461710937,0.7639877796173096,420,fda_public_warning_guidance.txt,True,The following recalls generally present examples of serious hazards to health such that a public warning may be warranted:  Recalls of food products initiated
q3,sentence_window,33.127,2934,170.38,3,0.7617209663070895,0.7617210149765015,226,fda_retail_consignee_lists_guidance.txt,False,"BACKGROUND This guidance outlines the circumstances under which FDA intends to collect, compile, and make public lists of retail consignees that may have receiv"
q3,sentence_window,33.127,2934,170.38,4,0.7607374626311219,0.7607374787330627,405,fda_retail_consignee_lists_guidance.txt,False,"Specifically, FDA intends to publicize retail consignee lists for such food recalls when both of the following criteria are met: (1) the food is not easily iden"
q3,sentence_window,33.127,2934,170.38,5,0.7547004957025915,0.7547005414962769,513,fda_retail_consignee_lists_guidance.txt,False,I. INTRODUCTION This guidance provides information on how and when FDA intends to publicize the identities of retail consignees that may have received recalled
q4,sentence_window,29.529,2934,170.38,1,0.798659120651688,0.7986592054367065,114,fda_regulatory_procedures_manual_chapter_7.txt,False,Firm’s Recall Strategy: [Detail the firm’s recall strategy and include the recall notification instructions] 4.
q4,sentence_window,29.529,2934,170.38,2,0.7870548634370855,0.7870548367500305,167,fda_regulatory_procedures_manual_chapter_7.txt,False,"Describe the firm's planned recall strategy, comment on its adequacy from the division's viewpoint, and evaluate the firm's ability to complete an effective rec"
q4,sentence_window,29.529,2934,170.38,3,0.7712489414403251,0.7712489366531372,150,fda_regulatory_procedures_manual_chapter_7.txt,False,"The firm's strategy should address the depth of the recall, the consideration of a public warning, and an appropriate effectiveness check division."
q4,sentence_window,29.529,2934,170.38,4,0.7446342783244129,0.7446343302726746,89,fda_iom_2026_chapter_7.txt,True,The recall strategy also includes the depth of the recall the firm is aiming to reach.
q4,sentence_window,29.529,2934,170.38,5,0.7302402681413801,0.7302402853965759,110,fda_public_warning_guidance.txt,False,"For instance, for firm-initiated recalls, recalling firms are expected to develop their own recall strategy."
q5,sentence_window,38.093,2934,170.38,1,0.8073089839985582,0.8073089718818665,134,fda_regulatory_procedures_manual_chapter_7.txt,True,"Provide effectiveness checks accomplished and their findings, and/or other means the firm has to document the recall effectiveness."
q5,sentence_window,38.093,2934,170.38,2,0.7786119400509044,0.778611958026886,92,fda_regulatory_procedures_manual_chapter_7.txt,True,The firm has an obligation to conduct effectiveness checks as part of its recall strategy.
q5,sentence_window,38.093,2934,170.38,3,0.7625052335485049,0.7625051736831665,128,fda_iom_2026_chapter_7.txt,False,"o Does the firm have a procedure established for determining if a recall is necessary, and if so, did it follow the procedure?"
q5,sentence_window,38.093,2934,170.38,4,0.7468913059481923,0.7468913793563843,205,fda_regulatory_procedures_manual_chapter_7.txt,True,The purpose of a firm’s effectiveness checks is to verify that all consignees at the recall depth specified by the strategy have received notification about the
q5,sentence_window,38.093,2934,170.38,5,0.7349707865009085,0.7349708080291748,150,fda_regulatory_procedures_manual_chapter_7.txt,True,"The firm's strategy should address the depth of the recall, the consideration of a public warning, and an appropriate effectiveness check division."
