verify_seed,injected_failure_rate,call_index,success,attempts,attempt_outcomes,latency_ms,error
263539,0.0,1,True,1,success,0.071,
263539,0.0,2,True,1,success,0.067,
263539,0.0,3,True,1,success,0.058,
263539,0.0,4,True,1,success,0.048,
263539,0.0,5,True,1,success,0.036,
263539,0.0,6,True,1,success,0.033,
263539,0.0,7,True,1,success,0.03,
263539,0.0,8,True,1,success,0.029,
263539,0.0,9,True,1,success,0.029,
263539,0.0,10,True,1,success,0.028,
263539,0.0,11,True,1,success,0.028,
263539,0.0,12,True,1,success,0.029,
263539,0.0,13,True,1,success,0.029,
263539,0.0,14,True,1,success,0.027,
263539,0.0,15,True,1,success,0.026,
263539,0.0,16,True,1,success,0.027,
263539,0.0,17,True,1,success,0.028,
263539,0.0,18,True,1,success,0.028,
263539,0.0,19,True,1,success,0.027,
263539,0.0,20,True,1,success,0.027,
263539,0.0,21,True,1,success,0.037,
263539,0.0,22,True,1,success,0.026,
263539,0.0,23,True,1,success,0.037,
263539,0.0,24,True,1,success,0.027,
263539,0.0,25,True,1,success,0.029,
263539,0.0,26,True,1,success,0.037,
263539,0.0,27,True,1,success,0.033,
263539,0.0,28,True,1,success,0.03,
263539,0.0,29,True,1,success,0.029,
263539,0.0,30,True,1,success,0.039,
263539,0.0,31,True,1,success,0.034,
263539,0.0,32,True,1,success,0.029,
263539,0.0,33,True,1,success,0.027,
263539,0.0,34,True,1,success,0.03,
263539,0.0,35,True,1,success,0.028,
263539,0.0,36,True,1,success,0.026,
263539,0.0,37,True,1,success,0.027,
263539,0.0,38,True,1,success,0.026,
263539,0.0,39,True,1,success,0.025,
263539,0.0,40,True,1,success,0.025,
263539,0.0,41,True,1,success,0.025,
263539,0.0,42,True,1,success,0.025,
263539,0.0,43,True,1,success,0.025,
263539,0.0,44,True,1,success,0.025,
263539,0.0,45,True,1,success,0.028,
263539,0.0,46,True,1,success,0.028,
263539,0.0,47,True,1,success,0.027,
263539,0.0,48,True,1,success,0.026,
263539,0.0,49,True,1,success,0.03,
263539,0.0,50,True,1,success,0.028,
263539,0.2,1,True,1,success,0.028,
263539,0.2,2,True,1,success,0.025,
263539,0.2,3,True,1,success,0.026,
263539,0.2,4,True,1,success,0.025,
263539,0.2,5,True,1,success,0.025,
263539,0.2,6,True,1,success,0.026,
263539,0.2,7,True,1,success,0.03,
263539,0.2,8,True,1,success,0.028,
263539,0.2,9,True,1,success,0.027,
263539,0.2,10,True,1,success,0.027,
263539,0.2,11,True,1,success,0.026,
263539,0.2,12,True,1,success,0.027,
263539,0.2,13,True,2,failure|success,1.4,
263539,0.2,14,True,1,success,0.031,
263539,0.2,15,True,1,success,0.032,
263539,0.2,16,True,1,success,0.03,
263539,0.2,17,True,1,success,0.029,
263539,0.2,18,True,1,success,0.026,
263539,0.2,19,True,1,success,0.025,
263539,0.2,20,True,1,success,0.029,
263539,0.2,21,True,2,failure|success,1.385,
263539,0.2,22,True,1,success,0.029,
263539,0.2,23,True,1,success,0.032,
263539,0.2,24,True,1,success,0.028,
263539,0.2,25,True,1,success,0.025,
263539,0.2,26,True,1,success,0.026,
263539,0.2,27,True,1,success,0.025,
263539,0.2,28,True,1,success,0.025,
263539,0.2,29,True,1,success,0.025,
263539,0.2,30,True,1,success,0.026,
263539,0.2,31,True,3,failure|failure|success,3.982,
263539,0.2,32,True,1,success,0.094,
263539,0.2,33,True,2,failure|success,1.404,
263539,0.2,34,True,1,success,0.054,
263539,0.2,35,True,1,success,0.045,
263539,0.2,36,True,1,success,0.033,
263539,0.2,37,True,1,success,0.031,
263539,0.2,38,True,1,success,0.03,
263539,0.2,39,True,1,success,0.028,
263539,0.2,40,True,1,success,0.03,
263539,0.2,41,True,1,success,0.027,
263539,0.2,42,True,1,success,0.027,
263539,0.2,43,True,1,success,0.026,
263539,0.2,44,True,1,success,0.029,
263539,0.2,45,True,1,success,0.03,
263539,0.2,46,False,3,failure|failure|failure,3.941,operation failed after 3 attempts: injected transient storage failure
263539,0.2,47,True,1,success,0.046,
263539,0.2,48,True,2,failure|success,1.33,
263539,0.2,49,True,2,failure|success,1.398,
263539,0.2,50,True,1,success,0.037,
263539,0.5,1,True,1,success,0.04,
263539,0.5,2,True,2,failure|success,1.389,
263539,0.5,3,True,1,success,0.036,
263539,0.5,4,True,2,failure|success,1.398,
263539,0.5,5,True,1,success,0.033,
263539,0.5,6,True,1,success,0.031,
263539,0.5,7,True,1,success,0.053,
263539,0.5,8,True,2,failure|success,1.408,
263539,0.5,9,True,2,failure|success,1.387,
263539,0.5,10,True,1,success,0.077,
263539,0.5,11,True,1,success,0.05,
263539,0.5,12,True,1,success,0.041,
263539,0.5,13,True,1,success,0.037,
263539,0.5,14,True,2,failure|success,1.386,
263539,0.5,15,True,2,failure|success,1.397,
263539,0.5,16,True,1,success,0.036,
263539,0.5,17,True,2,failure|success,1.329,
263539,0.5,18,True,2,failure|success,1.385,
263539,0.5,19,True,1,success,0.099,
263539,0.5,20,True,1,success,0.044,
263539,0.5,21,True,3,failure|failure|success,4.003,
263539,0.5,22,True,1,success,0.038,
263539,0.5,23,False,3,failure|failure|failure,3.947,operation failed after 3 attempts: injected transient storage failure
263539,0.5,24,False,3,failure|failure|failure,3.994,operation failed after 3 attempts: injected transient storage failure
263539,0.5,25,True,1,success,0.027,
263539,0.5,26,True,1,success,0.033,
263539,0.5,27,True,1,success,0.035,
263539,0.5,28,True,1,success,0.035,
263539,0.5,29,True,1,success,0.033,
263539,0.5,30,True,1,success,0.032,
263539,0.5,31,True,1,success,0.031,
263539,0.5,32,False,3,failure|failure|failure,4.026,operation failed after 3 attempts: injected transient storage failure
263539,0.5,33,True,1,success,0.032,
263539,0.5,34,True,1,success,0.034,
263539,0.5,35,True,1,success,0.034,
263539,0.5,36,True,2,failure|success,1.377,
263539,0.5,37,True,1,success,0.038,
263539,0.5,38,True,2,failure|success,1.438,
263539,0.5,39,True,1,success,0.04,
263539,0.5,40,False,3,failure|failure|failure,3.955,operation failed after 3 attempts: injected transient storage failure
263539,0.5,41,True,1,success,0.035,
263539,0.5,42,True,2,failure|success,1.324,
263539,0.5,43,True,2,failure|success,1.333,
263539,0.5,44,True,3,failure|failure|success,3.62,
263539,0.5,45,True,3,failure|failure|success,3.922,
263539,0.5,46,True,1,success,0.042,
263539,0.5,47,True,3,failure|failure|success,3.955,
263539,0.5,48,True,1,success,0.036,
263539,0.5,49,True,1,success,0.063,
263539,0.5,50,True,1,success,0.049,
